Horas_Estudio,Asistencia,Aprueba
3.6243453636632417,42.80605525380477,0.0
1.3882435863499247,60.57120996082092,0.0
1.4718282477365443,52.0045250930824,0.0
0.9270313778438295,57.084054044991674,0.0
2.8654076293246784,57.41017146599468,0.0
-0.3015386968802827,61.89293197558658,0.0
3.7448117642164798,54.362112654176975,0.0
1.2387930991048972,60.8968640732259,0.0
2.3190390960570983,53.98843199350617,0.0
1.7506296245225899,65.56073510077385,0.0
3.462107937044974,76.93809113288081,0.0
-0.060140709497654044,61.968697792502915,0.0
1.6775827959864924,61.698692553475716,0.0
1.6159456453315844,48.35992028838798,0.0
3.1337694423354376,66.93366225660384,0.0
0.9001087326859691,52.41932671443767,0.0
1.8275717924495642,51.911528035278714,0.0
1.1221415820786282,65.57439452858033,0.0
2.0422137467155927,61.810387443578705,0.0
2.582815213715822,71.07175450949063,0.0
0.8993808227870788,74.4287692849631,0.0
3.144723709839614,54.603184377975076,0.0
2.9015907205927958,61.283769901559445,0.0
2.5024943389018683,77.60415183575323,0.0
2.900855949264412,69.66539250229057,0.0
1.3162721408256668,67.13049050303269,0.0
1.8771097744813519,73.06206065135449,0.0
1.0642305657409312,53.95397030835624,0.0
1.732111920373984,66.36583409414631,0.0
2.530355466738186,74.09253389364008,0.0
1.308339248274691,76.20912285621748,0.0
1.6032464731440226,51.93815182617776,0.0
1.3128272998804005,57.483257923685755,0.0
1.1547943585012805,63.82715173724364,0.0
1.3287538691631808,57.11002656990184,0.0
1.9873354010810986,56.08183760191952,0.0
0.8826896513647222,66.84001328181952,0.0
2.2344156978170924,56.46590017132986,0.0
3.6598021771098708,42.12087108800284,0.0
2.7420441605773354,63.61847315839568,0.0
1.8081644476383851,55.755072094290725,0.0
1.1123710359151637,52.68469018269667,0.0
1.2528417062491624,44.342618493440945,0.0
3.6924546010277464,70.13822466971706,0.0
2.050807754776029,37.728873681499856,0.0
1.3630043534306466,43.006663952777046,0.0
2.190915484667466,57.241539374388566,0.0
4.100255136478842,72.28955585650698,0.0
2.120158952481629,73.09705905682654,0.0
2.617203109707419,48.450173650706354,0.0
2.3001703199558277,58.22367804016449,0.0
1.6477501535064814,44.895436249124316,0.0
0.8574818019778598,70.11207063774908,0.0
1.6506572775871224,45.2343733947982,0.0
1.791105766625222,58.568042549927625,0.0
2.5866231911821975,70.3298377894975,0.0
2.838983413874505,57.775859714700914,0.0
2.9311020813035573,74.70160343825741,0.0
2.2855873252542587,51.299917768091476,0.0
2.885141164270728,63.691904695468736,0.0
1.2456020590033472,68.53282185823733,0.0
3.252868155233288,58.60288269558927,0.0
2.512929820418009,73.86314264246319,0.0
1.7019071648972843,65.48129584688193,0.0
2.488518146537497,43.62550406991659,0.0
1.9244282869789442,99.58602704037963,0.0
3.1316293874514267,66.48643644090667,0.0
3.519816816422199,61.0734329382359,0.0
4.185575406533161,46.01187181333523,0.0
0.6035036645118623,60.81767818805616,0.0
0.5558861945704106,55.40057169159313,0.0
1.4955341370535487,66.44353666030322,0.0
2.1600370694478306,63.716702912118656,0.0
2.876168921116225,78.53009485069379,0.0
2.3156349472416053,61.42251372526318,0.0
-0.02220121582400303,65.13505479988548,0.0
1.6937959873716282,63.72456851511443,0.0
2.8279746426072463,58.51510196940606,0.0
2.2300947353643834,58.16599802679976,0.0
2.7620111803120246,71.01000202668482,0.0
1.7776718573896408,67.8002713533863,0.0
1.7992419310700025,53.7055839594622,0.0
2.186561390988284,48.8656389702701,0.0
2.4100516472082565,59.325899750531455,0.0
2.1982997201267698,71.61439981674394,0.0
2.1190086458074586,59.72470613732022,0.0
1.3293377137109694,77.46435089227973,0.0
2.3775637863209194,52.24929712926565,0.0
2.121821270991437,61.416405376658055,0.0
3.1294839079119194,34.83696139034251,0.0
3.198917879901507,54.043321190897096,0.0
2.185156417483944,56.90878681358138,0.0
1.6247150499098857,65.10937774492089,0.0
1.3612695925457776,77.10661838671135,0.0
2.423494354064113,60.3494358936374,0.0
2.077340068348559,74.53917581608817,0.0
1.6561463244289243,66.61681076465983,0.0
2.043596856834247,69.86352180212064,0.0
1.3799991560518707,55.33845143174072,0.0
2.698032034072219,73.84991343648639,0.0
1.5528714352140018,49.27035721288355,0.0
3.224507704805499,64.95158611200317,0.0
2.4034916417908,50.47937899293741,0.0
2.593578523237067,54.81854447601245,0.0
0.9050881542589582,45.38596395277894,0.0
2.169382433058668,54.83652091353978,0.0
2.7405564510962748,63.511168965109654,0.0
1.0462993981920654,59.312295369213615,0.0
1.733781493996378,46.522350587463364,0.0
2.0326145466933587,74.7073985669137,0.0
0.6268826797532443,63.37220938308459,0.0
2.315159392042292,70.08065433075762,0.0
2.8461606475850334,67.85226919634688,0.0
1.1404840591680137,53.35132233032787,0.0
2.3505459786641074,40.54953041387961,0.0
0.6877165887625682,50.84575631768294,0.0
1.961304490733949,72.2515584927323,0.0
0.3842276452967053,49.46453926299685,0.0
3.121417708235664,68.1604368432406,0.0
2.4089005379368276,53.87593026871176,0.0
1.9753830441242217,63.931092448539836,0.0
1.2248383808308403,41.76080147374806,0.0
3.2737559301587766,71.67075165999964,0.0
3.9671017492547347,59.60331299909518,0.0
0.14201813555324794,68.85825798965907,0.0
3.2361640304528203,61.89861649383096,0.0
3.6276507531489064,67.98063795298943,0.0
2.3380116965744757,58.980679607364,0.0
0.8007319676648139,67.43356543513862,0.0
2.8633453175440216,44.90427315775957,0.0
1.8190796979218495,49.19289307554493,0.0
1.3960793722067426,67.25474004481535,0.0
0.7699418643330382,59.60821743790503,0.0
2.5505374959762155,57.71245828779787,0.0
2.7928068659193475,58.20387705348642,0.0
1.3764692703202084,65.01725109345165,0.0
2.5205763370733707,54.06656245757581,0.0
0.8556586103768573,65.10307596745255,0.0
2.801861031871345,50.84208150931321,0.0
2.0465672984241454,55.92747956980034,0.0
1.8134302280926513,69.8495167171921,0.0
1.8982541274708549,70.71252427845891,0.0
2.8688861570058677,49.02845639744638,0.0
2.7504116398650083,68.38634747228377,0.0
2.529465324352709,49.60817677965097,0.0
2.137701209997386,67.33023231719078,0.0
2.077821127912706,41.011879406807054,0.0
2.6183802619985244,48.828893075608875,0.0
2.232494559178738,54.91027722177139,0.0
2.6825514068644853,58.335140451140404,0.0
1.68988322648194,74.23614429348987,0.0
-0.4348377641071388,69.03999174003528,0.0
3.038824601859414,75.75467908572381,0.0
4.186979646974258,72.06607898035568,0.0
2.441364443568582,57.17136448365156,0.0
1.8998447667165002,57.336731156812796,0.0
1.863555256103967,70.68971622201262,0.0
1.88094581222519,60.403714310228395,0.0
2.0174094083000047,58.43006327506682,0.0
0.8779812712531117,46.64797276984808,0.0
1.482905542079772,58.9353987844446,0.0
1.002973172349737,32.090035933061536,0.0
2.2487991613877707,55.438824448513145,0.0
1.7033588476291373,50.20109748338199,0.0
2.4952113239779603,66.92574347539356,0.0
1.825296840257499,55.21327643584338,0.0
2.986335187821242,56.70948450658919,0.0
2.213533901335442,73.47105464670497,0.0
4.190699728969733,49.50932254831384,0.0
0.10363907710890752,63.166588951566546,0.0
1.353083311745092,41.04733052523534,0.0
2.901486891648711,60.89729117444651,0.0
4.528325706806398,64.10265745396845,0.0
1.75136522228454,68.59870971796911,0.0
2.043668993178389,51.013168066813535,0.0
1.773685757486395,63.196569419445936,0.0
3.331457112587592,63.18154199678689,0.0
1.7126921365239811,59.80768365902363,0.0
2.6800698398781044,61.500162787278036,0.0
1.680198401101329,64.63534321731666,0.0
0.7274412447540057,63.97880424881851,0.0
2.3135477204634323,50.039891109116006,0.0
2.5031848134353263,48.04138489675518,0.0
3.293225882532262,85.05980285318672,0.0
1.8895529735826837,79.19792286428088,0.0
1.382637936287639,46.08306123945967,0.0
2.562761096619026,64.50217742037846,0.0
2.2407370922377323,66.2743708275311,0.0
2.280665077122639,67.51337235160484,0.0
1.9268872962527221,61.4039543644735,0.0
3.16033856999377,50.73128060791376,0.0
2.369492716375724,58.17579593636903,0.0
3.904658708340981,55.08874862209182,0.0
3.1110566985605046,61.343731160397546,0.0
2.65904979610021,57.31628695879424,0.0
0.37256165938374264,58.683243737129814,0.0
2.602319280295629,70.18552474767881,0.0
2.4202822036470595,72.30558199954724,0.0
2.8109516728035557,48.18896827228177,0.0
3.044442094707259,55.400698955654185,0.0
1.5991218082110734,52.09200046224832,0.0
2.824005618450408,72.23722211960109,0.0
1.4376945689809102,59.40632097451501,0.0
3.9548780750090344,74.48989404158236,0.0
0.6680483334827518,55.224191453432795,0.0
0.2393114396012166,60.259999941856584,0.0
0.34927873417589983,46.51303553202758,0.0
1.1094444158369514,73.02535536486181,0.0
0.880884601440272,56.373879124227415,0.0
3.956078903703642,45.148435486745456,0.0
1.6735005019218159,54.07538714846731,0.0
0.6573242106225641,36.95092062229862,0.0
3.114382976779792,59.68182827301209,0.0
1.4134760611784074,61.12487742414196,0.0
0.7631466234586026,62.880781670051505,0.0
2.8758389276492995,74.98108183577034,0.0
2.623362176578033,56.99023846044662,0.0
1.5650433170447724,68.07455917005271,0.0
3.4075400002412284,63.12238689013,0.0
2.1291015797107256,58.06678359525996,0.0
3.6169495988573,39.23197978076446,0.0
2.5027408819999044,69.47501167345676,0.0
3.5588055406198595,54.96026050857682,0.0
2.109402696425428,60.17955891650826,0.0
0.7802556030209673,47.295392236145204,0.0
4.449368649061397,62.82995533811002,0.0
1.4542258320174324,61.080308173123456,0.0
1.8011621371111033,60.294176189707656,0.0
1.2996014950787453,58.652068707042766,0.0
1.7966055510354415,70.49218290752567,0.0
2.2426694410817944,69.66220862578342,0.0
2.2018301788740042,67.25916852520821,0.0
2.661020287598693,93.21078756170365,0.0
3.792158208975567,53.997746696226855,0.0
1.8795354282114927,56.2048248446612,0.0
0.7668792645535734,49.85196309141329,0.0
0.8176818734903664,64.3598619629641,0.0
1.3342454818008735,53.125126069398256,0.0
0.32580419238106795,33.01638258333953,0.0
2.8250298244389858,47.866618741712955,0.0
1.501786436368922,60.72251899155884,0.0
1.6890150216971491,70.09787334947559,0.0
1.9981085171619963,44.430584421349685,0.0
0.6033795754045681,53.87557871715656,0.0
1.138683639223958,58.606481945490785,0.0
2.6747115256879725,52.71462510575299,0.0
2.618539130786293,65.31163793456226,0.0
1.5568280692993621,60.040008419753754,0.0
3.8105349141254563,63.21265914483832,0.0
0.6942730774422625,52.74785074254634,0.0
1.6550127898450206,75.36536328021099,0.0
1.7691602568645306,59.99624991241644,0.0
-0.7930850001465402,72.93549620663308,0.0
3.9375288136160798,55.61002336333723,0.0
2.3663320145400584,65.9003946416083,0.0
0.9554106180922084,53.20616217002765,0.0
4.051173442857444,50.4909074894923,0.0
2.5856620001723822,52.95649668476541,0.0
2.4295261400219643,59.541333139302324,0.0
1.3930016017999538,57.81266541032291,0.0
2.106222724035218,75.39207009655063,0.0
0.47431968377064226,48.51295770363054,0.0
2.795026094424845,49.096616675451855,0.0
1.6255616811567792,77.00188146645526,0.0
2.134048196554623,66.08783658908109,0.0
3.202054862199706,41.1858913283394,0.0
2.284748110849058,64.97269098645977,0.0
2.2624674454632685,62.37332699339596,0.0
2.2764993048221838,38.55555953271549,0.0
1.2667283961046871,56.30437574662567,0.0
2.8360047194342686,59.82545048163822,0.0
3.5433591108044835,67.31402517125066,0.0
2.7588056600979307,69.54495666547687,0.0
2.8849088144648833,60.957467711101344,0.0
1.1227184810818116,70.33450803264238,0.0
1.1322127771270742,58.53726725388646,0.0
0.5591239757081601,51.42503175260228,0.0
3.232253070828436,50.65818156852051,0.0
1.7458201323926317,65.42645294566316,0.0
3.399843942480986,40.418309144009896,0.0
1.2180883173131993,66.77807571119811,0.0
1.562491017171419,48.93426932608115,0.0
2.095425087191258,56.407759042892614,0.0
2.9214500686595115,65.05381902752917,0.0
2.060750195799507,72.17940900801347,0.0
2.2111247550077167,40.593190356351066,0.0
2.0165275673056158,51.93821788046543,0.0
2.1771877202759606,60.490616923731025,0.0
0.8835299821152556,54.03913665412338,0.0
2.0809271009732786,68.61623101341203,0.0
1.8134210064885337,39.13609434543474,0.0
1.9431755191141526,63.61801640571047,0.0
2.4923365559366486,64.25920176502817,0.0
1.3193218589911142,60.490803971416305,0.0
1.9154919725953703,71.02236732585342,0.0
1.7026381172264964,47.704257464535715,0.0
2.4173020049748626,71.08616757989675,0.0
2.7847706510155894,52.970795970898315,0.0
1.0445747376263108,67.25550518078734,0.0
2.5859104311026155,56.75795780514789,0.0
4.065783320218834,68.14343129148925,0.0
0.5288430741673751,67.80469929758374,0.0
1.169828104684886,45.35946426419408,0.0
1.119422400155829,58.45508806189471,0.0
1.7209022784567098,59.07567681458414,0.0
3.622849085954001,57.62124734543168,0.0
2.0133526763471767,52.44337234898035,0.0
1.3053064047127738,78.5143789457351,0.0
2.6218035043055723,62.09096676575521,0.0
1.4001954689291525,75.55015994333088,0.0
3.1234121620219355,54.30851346488029,0.0
2.3052670402440105,49.38203238689152,0.0
3.3887793963702686,61.32247778919785,0.0
1.3386557568469812,54.36763395882544,0.0
5.030857112372031,83.90145962333511,0.0
2.8245846250334576,62.45422849189119,0.0
2.6545801525867003,71.52599135010604,0.0
1.9488115523923357,57.75764227876501,0.0
1.2744028808655725,56.73938694239864,0.0
1.1322313223764096,59.69088582395864,0.0
1.8640226738994108,63.557172615760166,0.0
1.2027302145068703,68.49586845094822,0.0
2.2826757122484205,58.778459848883166,0.0
1.1739025681526798,53.19148425982682,0.0
2.6210827008390085,49.32123423513445,0.0
2.9561217041246963,59.23320637294268,0.0
1.294159492597716,65.72962725956756,0.0
3.1926860677546935,64.57947076309742,0.0
1.7620580642478174,59.82182450946061,0.0
3.1552878860882254,53.99861200764387,0.0
2.4381663472912374,61.467652633868894,0.0
3.1223283216570925,65.7180487886499,0.0
1.0029802044703175,59.63182343482973,0.0
1.8932060132207749,61.12368488792219,0.0
3.4514292605909356,58.494956743495486,0.0
1.3819631523184213,69.15499268062572,0.0
-0.03720122568079498,55.61799732661331,0.0
0.05741081852354446,61.85535620966555,0.0
-0.5064406526760612,63.94428030012113,0.0
-0.114163921916826,67.25522558253559,0.0
1.5883608368115174,74.95884765884476,0.0
3.2785280828417216,66.75453809204213,0.0
1.5577707204868272,65.99213235459258,0.0
2.323527353601432,45.29762910978687,0.0
1.8900085098363932,66.06403944303837,0.0
2.008548945436025,82.93717612357177,0.0
1.831801160255284,51.69989014432326,0.0
1.8258196556920092,49.804801505942834,0.0
2.4611640999770175,57.85346157773977,0.0
0.8240173285586847,70.21248126098901,0.0
3.0101271773347245,65.24750492296823,0.0
2.920017933247763,55.22875793530668,0.0
1.804942659124099,59.64009818272809,0.0
2.8053934242321814,70.37038981773908,0.0
1.2986555737428231,66.7261974812148,0.0
1.4627769761246616,84.28876969522979,0.0
2.1562638502700833,70.05686680311216,0.0
1.8097789749151385,63.535672160026294,0.0
1.5512619673283772,66.14726275827448,0.0
1.3275519612134037,56.51015809084448,0.0
1.4425052782139567,50.22226998467033,0.0
2.939168744196488,61.71957132167591,0.0
0.05667659433164718,64.90561043809639,0.0
2.352494364369333,46.04716974934673,0.0
1.7635630481870133,54.77643534864305,0.0
2.727813499999649,56.307440981710315,0.0
2.5150736136393657,62.656424025142854,0.0
-0.7825344676529227,57.3953394113462,0.0
2.584646610477426,64.45096710344572,0.0
2.324274243448421,60.981122462219915,0.0
2.0218628366265525,70.60327509156808,0.0
1.5313261837221086,42.888323403755074,0.0
2.8532812219556223,76.57124638042926,0.0
1.5869706902889678,74.1767401299936,0.0
3.8347176266496867,60.503170861471354,0.0
2.5643828554943138,66.50323214252346,0.0
4.137828067439482,66.06548400413294,0.0
1.2144660030797645,52.62710372240068,0.0
0.2440743597671482,61.646650658492064,0.0
2.714789597485815,67.78174179099567,0.0
2.8527040617252863,63.09816758607489,0.0
2.0353600970547574,70.51320767848752,0.0
0.46120675425535684,60.94996110069161,0.0
1.5521048152838814,60.8075098862302,0.0
2.6179855339203346,52.321962539754395,0.0
1.8158236743462546,56.35461950293362,0.0
1.8840148145276037,55.40282318961932,0.0
1.8245410313382475,77.05483517755442,0.0
1.0660853443734988,62.40505552147362,0.0
1.4669796739164007,50.005734986418204,0.0
0.573444579479468,63.985983881614374,0.0
3.7679599483110264,58.07996303368956,0.0
1.5246271248620178,29.46235619573695,0.0
2.4776101818175573,64.79852371153817,0.0
0.9781140553586907,44.47301216823165,0.0
2.794528239601082,65.78464420256242,0.0
0.12683902236469846,50.3873640096949,0.0
2.920615118054956,45.41675539606846,0.0
1.9646320751212891,64.94341650982379,0.0
4.110605053600709,45.058062347253156,0.0
0.6934659271559815,55.5330079652288,0.0
2.076380480159592,62.04377394921163,0.0
2.3672318138838646,66.12232523128053,0.0
3.2328991923762374,67.44884536440652,0.0
1.5771430386092247,59.637187114462975,0.0
2.0864644065242874,51.67604652311311,0.0
-0.14246672907736846,79.23815425970925,0.0
1.169831135977292,53.94018679461402,0.0
2.4516159505552415,78.03588981486497,0.0
3.1041743263032133,55.47475026715974,0.0
1.7182637309343871,71.61285693341807,0.0
4.0563555231982935,70.69965538950133,0.0
3.760249226449093,49.544657526231056,0.0
1.93934750822519,63.5528450700623,0.0
-0.4135030011737877,67.55392029190855,0.0
0.22243362419401258,67.00982121523244,0.0
1.222141173372587,58.01062549716104,0.0
3.115841107924169,63.01960045406145,0.0
2.3102722877837674,56.053103190044425,0.0
-0.0942478162228122,48.28186620778878,0.0
1.7712341711298376,69.84012236940241,0.0
3.6133613745631155,54.40318578081443,0.0
1.6251953126973473,73.79758191606217,0.0
1.2500303827243338,66.0245090123961,0.0
4.054624102518115,51.07353326487116,0.0
2.053409536798348,58.38801680458763,0.0
1.52084290121392,57.13615084604826,0.0
2.350167158828279,51.29112350348039,0.0
2.0171647263740886,65.0142958989333,0.0
1.5708577217649062,55.21385926138816,0.0
3.208456328551963,76.31691513630797,0.0
3.1157018027844865,68.6089124101843,0.0
2.840861558141104,51.198109354584204,0.0
1.8971127824264624,59.809994784526836,0.0
3.1469003763994827,57.73239807830416,0.0
1.9502974208413242,44.35492146188803,0.0
2.4666432672288408,69.31255678768119,0.0
3.033686867939501,69.4980881521133,0.0
2.808844360265682,69.25501214702386,0.0
3.7897546832062714,55.43012142406462,0.0
2.4512840160401708,70.68985971618918,0.0
0.31594001413176276,57.90247064577446,0.0
0.8398298950177239,69.35147779591075,0.0
3.350106818681726,78.12527815117541,0.0
1.6687168300673716,61.401098813047525,0.0
2.3865391451330913,45.80851222855513,0.0
1.1485443434691733,56.83098803471654,0.0
3.000881423680301,66.40985866383507,0.0
1.6151677511672096,72.19874379030621,0.0
3.45810823860952,48.66207964606422,0.0
1.4677659791018225,58.09451702338548,0.0
3.1181333967176954,62.33339126260122,0.0
2.674396104820869,64.34998324262841,0.0
1.2776080945858492,69.10423603003083,0.0
3.0989963327471792,50.51560343546203,0.0
1.098365509524002,55.76521702774464,0.0
1.1775328110957481,70.07966477600579,0.0
2.7217112921126927,63.92334911124308,0.0
1.374657998534012,64.48380650781688,0.0
1.4061569327454904,71.25323498664254,0.0
1.6560992907896077,61.040533897090896,0.0
0.9998308101274842,65.28003422071836,0.0
3.0449944096738975,56.85436138082713,0.0
2.6085146984848495,46.54989979731624,0.0
1.930671303309517,47.04742114718913,0.0
1.8916079328264601,60.743205536826316,0.0
2.450155512767179,58.004392820037836,0.0
3.7653351005190716,53.45396831475022,0.0
2.870969802532242,63.18014296419169,0.0
1.4915428657245993,51.09728447891751,0.0
2.777419205248863,61.1133726638297,0.0
1.8812288278969107,59.804774416797265,0.0
1.8010018161962755,51.60011085387753,0.0
3.866471375152125,37.017941194621486,0.0
1.581062102321877,74.56527386472777,0.0
1.520815084872594,63.16637235703958,0.0
0.04789471275476753,33.35874060737861,0.0
0.5976708545468632,55.735713823664774,0.0
2.4511229387345987,63.937877312493185,0.0
1.305079098814761,57.71859309299544,0.0
2.5154138017832413,65.8033011260323,0.0
0.8851289476340631,50.2673241475076,0.0
1.2326901736682654,61.75167729218069,0.0
2.6745707069560036,59.46516307264844,0.0
3.4608923804630782,58.16938013038026,0.0
2.59247280142402,57.789710982116645,0.0
3.197830841721251,61.997595551926274,0.0
3.704594171372407,69.32721413688091,0.0
3.0400891531540952,54.69880199799948,0.0
1.081559961699974,55.92759975988069,0.0
1.8946552874924578,61.60564991742512,0.0
2.630195670684911,58.79850024371251,0.0
1.5851530987117646,63.856022923443255,0.0
2.451946037321223,67.18290735754343,0.0
0.4208437146055346,72.91188902850875,0.0
1.1713720211435943,58.83555851728336,0.0
2.528879745585174,37.22702003339634,0.0
-0.2370865111124707,59.30375460544871,0.0
0.8922874977154476,63.538704268828404,0.0
1.9822816820898577,58.130449834672504,0.0
5.846763838232908,91.5061241886458,1.0
3.567491487352887,83.43803942404281,1.0
6.50798433661538,83.64385642439869,1.0
5.675967670979993,94.31456544886736,1.0
4.488923392089797,81.78563202540184,1.0
5.128577934405042,89.17529182680575,1.0
5.135170058534412,83.18473274602654,1.0
6.608749082341702,77.83966486925546,1.0
6.561638096523406,84.16990065152667,1.0
7.5147503824822515,90.84463187163936,1.0
6.647924812312918,84.07053911188878,1.0
4.648350614682325,87.7471091349009,1.0
4.5907907235278085,85.94276657640081,1.0
7.130725354529131,85.23415678998721,1.0
7.566686201096144,82.91251088632917,1.0
5.762251901854636,85.65891150258761,1.0
6.5588029881851115,74.83553274000101,1.0
4.4951087162204875,82.75839172187523,1.0
4.056078241668213,75.9802818734205,1.0
4.825976323457156,86.34849423404886,1.0
5.642812474396984,86.7733024319796,1.0
5.478623614591962,81.01967375252336,1.0
5.769885936548733,89.00653804228716,1.0
5.50898556730089,86.97915275568074,1.0
6.679301144949663,86.46786043624128,1.0
7.427546951327344,83.1929806973243,1.0
6.036197462760435,87.3639650184237,1.0
8.029997487440461,90.27103517817883,1.0
5.365595289699154,81.69778404619923,1.0
5.474896606061061,80.91577787069905,1.0
6.38773466274295,90.94505378529195,1.0
5.645201237989326,73.40785761156297,1.0
7.177052255776641,71.91354952806033,1.0
5.3588921848021105,75.92636456216368,1.0
7.32269398510864,85.90870514914765,1.0
6.194175016293777,85.76187103659453,1.0
8.565452780716779,87.4825251917914,1.0
5.535885094351794,85.37988645211361,1.0
5.797306092292538,92.68689903865499,1.0
6.145651817286487,92.87891722931082,1.0
3.8189720329180505,90.79505319431478,1.0
6.602265127538538,79.22099864256232,1.0
6.4808461132651685,86.81788942995222,1.0
6.109318363905436,80.66898659649529,1.0
4.455604218613302,82.49644817203237,1.0
4.453438960031343,79.88318899256576,1.0
6.586618518600845,85.05356213313866,1.0
7.175178687557355,87.72062041793777,1.0
7.5944646318222215,85.39346024920343,1.0
5.10455847605008,79.03315654818536,1.0
4.969201972241216,77.36982406008698,1.0
5.72806120031545,81.18957597377434,1.0
4.024269858126163,81.11180821312027,1.0
5.411068823956255,88.92136583553543,1.0
6.851789637515316,83.4035957062584,1.0
7.6346025013694145,84.0566683054744,1.0
6.279155453634663,84.21532466508587,1.0
7.640553648555269,90.48424073928071,1.0
6.410872937999071,93.18057561079976,1.0
6.19136391513892,87.1352926858709,1.0
5.828558812522466,83.75847083406538,1.0
6.186937045771995,92.0125076314282,1.0
5.745147052756111,87.19120696508766,1.0
5.859089247609842,82.89451557467093,1.0
5.338108165060327,90.0528685564877,1.0
6.259031901792004,86.0361497300575,1.0
6.014448415017786,77.82984635523958,1.0
4.520419965383888,88.13453152985149,1.0
5.759299498248014,86.49912600887646,1.0
5.144328607605502,75.71679288887967,1.0
3.951799541259225,74.24478422398022,1.0
6.483883649341323,85.68150502685137,1.0
7.558688254522381,88.41678127289634,1.0
8.369730189064903,88.04290025063848,1.0
7.5624195294929635,78.19510113047723,1.0
5.129198447391939,83.26495025444207,1.0
7.175244992708054,88.33294959514295,1.0
7.119899003556139,77.32123895604055,1.0
4.012170468605378,85.42641491089573,1.0
6.8612885153914505,86.06664634698828,1.0
6.627177035391526,89.61877984531982,1.0
6.162808250306792,72.73054034834367,1.0
6.288616715676805,85.72493663500553,1.0
6.058307382744084,95.09060926170181,1.0
7.631935848655028,81.89396330604463,1.0
5.598211166168113,83.4188033618389,1.0
5.800060606778721,89.76996115109174,1.0
6.007388983706184,81.18428699458661,1.0
6.275664075150072,90.78477442299013,1.0
4.236750199008768,87.70266580622305,1.0
7.387973809548965,77.12963287433134,1.0
6.226199756843156,85.50296708839863,1.0
6.569124595824778,77.7050902050651,1.0
6.19731599174779,89.76273909215747,1.0
5.8135587287161155,76.59662763614344,1.0
5.644758486503038,75.9412314264043,1.0
6.096114142339521,79.31347794362944,1.0
6.152052340933429,80.98463666923261,1.0
7.155261755418151,91.57470393759013,1.0
6.346057746284674,84.90871232412977,1.0
5.866511330633939,86.45502271185195,1.0
7.9865651109424,90.37449874272552,1.0
4.720573843686478,81.51095049936634,1.0
4.6597908240965,82.10837141490107,1.0
6.354602052112828,80.76273731075145,1.0
5.78762671450938,88.92452323693686,1.0
4.225404011775167,93.16638104789519,1.0
5.687770338622188,86.29371247156132,1.0
5.289344229319217,81.88360003144241,1.0
7.131128600424962,82.39819486431652,1.0
5.378748229569755,79.43842854896796,1.0
7.050614648867272,88.65572684779282,1.0
6.459781700210184,79.68535618813824,1.0
5.79366908795512,83.72683467267198,1.0
6.021171828588149,79.15519327600383,1.0
6.428658739633886,75.50268450189274,1.0
3.6919614863717007,72.30022298347163,1.0
6.327068407569367,80.55019244839481,1.0
5.620880389199161,86.09039248893085,1.0
7.797919366388111,83.4109221684261,1.0
5.308731043237838,83.8821255627239,1.0
7.142563920005221,79.6431005980665,1.0
3.485075375594222,80.34159218920182,1.0
6.814625014984288,79.66148828552822,1.0
6.276102753923275,86.0561683058002,1.0
5.752983509114265,95.23827418571778,1.0
5.879110689513664,84.31813745121751,1.0
5.739439409377649,78.15359797393337,1.0
6.423003209583276,91.36311665647247,1.0
5.865751435369681,80.00716792605398,1.0
4.212262291582158,87.7876632068866,1.0
5.8141891432196715,82.78672295164924,1.0
8.234721737625886,85.40541602898963,1.0
6.046846204858301,102.1633171589778,1.0
6.290787946468706,81.262368657102,1.0
5.561945492512376,82.06659780151271,1.0
6.174054466161729,86.87617725551289,1.0
6.1779455579616105,84.89026618084364,1.0
5.738798080543488,82.96964549402256,1.0
6.8632633989374146,81.55796228415704,1.0
5.076922042915671,87.95246933100152,1.0
5.869804791798324,90.38688283813191,1.0
6.505053752292097,80.2395796417559,1.0
5.732995820658085,79.31783449341152,1.0
4.7761203494247555,94.14953119023579,1.0
6.558264218567637,77.8742191386881,1.0
5.017839041971331,88.57666724552386,1.0
5.552691838246623,87.195636866094,1.0
5.171852410811726,79.48515225537814,1.0
5.889271585958902,88.79746796497547,1.0
5.570614026786987,79.48391826863457,1.0
5.525410132920592,79.55224450768479,1.0
6.680978927314051,78.05224880764742,1.0
7.762608901416648,89.17141602625878,1.0
5.642485785980987,82.75327076223803,1.0
6.522655174098122,90.42625660184972,1.0
5.6445865095078585,80.94929984678146,1.0
6.098942246032497,88.07331293062678,1.0
7.127751344950229,92.03705297328943,1.0
6.050293239027049,84.56993243453431,1.0
5.184452648795254,79.37273626874901,1.0
5.270073387712361,83.28714528843811,1.0
5.383253574938833,91.28368735440667,1.0
5.9866957786925035,88.69546918121311,1.0
6.858011452091081,83.07005953235627,1.0
4.641203158898071,76.27813812723053,1.0
4.962710830645015,88.5776839252836,1.0
5.075458788423952,93.15453127040188,1.0
4.250594578270778,93.24297038525542,1.0
7.325922683488482,87.1639509981727,1.0
5.9636213562359055,84.04485414300196,1.0
7.900779319723826,81.06939364879916,1.0
4.575666324818998,82.13699091344684,1.0
7.294182313259174,76.75124847992664,1.0
5.298351467836037,95.67275779456332,1.0
5.592630314825616,84.86517805358486,1.0
5.011035542908463,96.92202569233939,1.0
5.050136140512341,84.62751292313406,1.0
4.676254588771446,76.90841034195012,1.0
6.216332957620474,94.30782551138745,1.0
4.685798967473178,80.70086488066246,1.0
5.758198134677127,82.81045894492256,1.0
5.9907984557566,93.24275544997803,1.0
6.666610685406111,92.29386605383137,1.0
6.100391722399547,74.8689679208307,1.0
6.321325833462588,85.00527384970914,1.0
6.514411560566322,79.55232497449262,1.0
5.982749134740283,87.6956911103528,1.0
6.363347918574265,94.06088545797509,1.0
5.020279808555021,82.41255088769013,1.0
5.224529565296078,92.46611400327026,1.0
7.8975108071393505,80.35677862310324,1.0
5.988265785623442,95.86135257910729,1.0
5.289499325333045,80.87173054534733,1.0
7.379879901070947,82.68331016081834,1.0
5.843157389485231,86.48478683878655,1.0
5.353508973216006,77.99702776665674,1.0
4.551008451477955,92.74804426605631,1.0
6.779491866052211,79.64991547935445,1.0
4.913699092789108,88.0697578203991,1.0
5.460967419979963,78.5543498026254,1.0
6.644099987942935,85.54891473056176,1.0
6.1836335742581205,84.94736912289493,1.0
5.913573126158192,83.05879546505396,1.0
5.786012218438471,87.44609596878246,1.0
7.145927354134322,79.41583871381874,1.0
8.23027414780168,92.60932883333749,1.0
5.4512391708476144,86.0122367845699,1.0
6.568904090502716,71.04277981039084,1.0
7.928800305354118,95.0278078794399,1.0
7.07905705495073,87.26356811118181,1.0
5.313168374221611,92.76782610781054,1.0
5.569319372926051,84.11531721387314,1.0
5.402031457499762,73.68692336827198,1.0
5.086556590345227,82.9014106504358,1.0
5.376094847331338,78.86965019380142,1.0
6.261875478940341,84.8075876885761,1.0
5.412970994845196,82.58636568817225,1.0
6.876199862650358,86.04506140035018,1.0
6.123255463572793,76.1779595968464,1.0
5.602874317143858,85.2689120221354,1.0
6.886089920206992,82.70209083413816,1.0
6.31897182572046,88.16754435389296,1.0
6.2648676257857705,76.53848725574808,1.0
7.04003845453448,82.87464512122207,1.0
6.5732654485250395,93.29199669903963,1.0
5.891101533161957,79.09468551131101,1.0
6.937554842867746,88.69026842679652,1.0
6.309317802204662,91.65253057597428,1.0
8.917308762873109,84.94955115821736,1.0
7.0986885010471195,89.9425532110957,1.0
7.153212621374722,90.20719817188572,1.0
7.290993371628489,92.84877754956096,1.0
6.079839611256286,83.16083899317057,1.0
7.312895411529729,84.4385045830633,1.0
6.0233570275696575,89.02061425510237,1.0
5.168826596814597,81.27177975164884,1.0
5.436013541589843,85.24025353333232,1.0
6.52795055433254,81.50714668975073,1.0
4.438880109341313,73.35479438786497,1.0
6.208352921454252,86.6745757188353,1.0
5.271649914552627,93.5121502345397,1.0
6.718216382561853,83.1396765949502,1.0
5.253826289342653,85.42148695455145,1.0
7.872303262275326,82.73447524311034,1.0
6.7678181289908625,81.29518328696821,1.0
4.7311410408262,85.68052231942737,1.0
7.758759350083834,90.36465548998397,1.0
5.772747490639655,96.0792166792396,1.0
5.272523890280199,89.13238278534217,1.0
4.9762006836738015,80.19318098719273,1.0
6.567764739655653,77.86492185644187,1.0
7.504521866664671,91.53415292883724,1.0
5.421573027468354,86.58357495769337,1.0
5.002379158161947,81.94768378278792,1.0
4.860299911967216,79.71913931797096,1.0
7.496405311360214,80.96138816652469,1.0
7.670729221710925,91.16712454649631,1.0
5.6515288598807025,84.88820313988576,1.0
6.537705087440887,77.997650114378,1.0
5.9970945497244585,89.36289494865862,1.0
5.939369697720758,86.5505129806585,1.0
6.964022632217418,83.5443391460283,1.0
6.440956000680443,88.03857624236144,1.0
6.329489966761477,80.86158021363498,1.0
5.707421064640092,89.8195229872098,1.0
6.815600359710878,77.87569549172817,1.0
5.717994097589039,80.48278636820253,1.0
6.049922488067857,78.11558479497064,1.0
6.219477493775436,82.91720470063049,1.0
4.79884434474655,81.2127448329842,1.0
5.700905033238856,83.18677040616288,1.0
5.687396986334928,85.02383915888156,1.0
6.1012030864983195,87.77126269954381,1.0
4.888181909224478,85.73266036382537,1.0
4.813448299054992,86.25929851626752,1.0
7.623462103293086,93.0216197155817,1.0
7.156443606393647,83.66754719546954,1.0
6.889039356702103,77.70832030318017,1.0
7.8248187865899865,89.75690906239973,1.0
6.41959523754956,94.17934772769965,1.0
5.90892126507282,85.93644347069828,1.0
6.48217574843346,89.19767111393108,1.0
4.120713008549831,81.72191656426827,1.0
4.901916854578968,85.92837676879442,1.0
6.758637063021449,88.18512659397429,1.0
6.032615483156676,86.89287788397914,1.0
4.722363664918765,82.30151173593407,1.0
6.658536871559796,93.15314896069518,1.0
6.9989016489932805,85.86408042051829,1.0
6.667879561364336,89.65099102770193,1.0
5.969703220561188,87.02889493314275,1.0
5.1639505199476154,89.36837111333503,1.0
6.107594938168515,89.66626648292998,1.0
6.4269243288256845,83.91922425300234,1.0
5.641411202334695,89.16839406431262,1.0
6.603035910126699,95.80227863429639,1.0
6.314431933752471,94.99496006948554,1.0
6.333114550471499,88.82020710024055,1.0
3.9674602111784125,93.43627611577601,1.0
7.081092993021092,78.46014328168157,1.0
7.724391719951887,92.36198153364285,1.0
5.597532375430384,85.37438048944334,1.0
4.523101018814519,76.06532298110109,1.0
6.638929319419809,85.82605293264626,1.0
5.534340267566167,89.88148149040634,1.0
5.0329876289917905,81.51986164351922,1.0
7.217716255875353,94.68565790312155,1.0
4.616620647513836,91.74613839131355,1.0
6.717428622037057,78.62443067664918,1.0
4.75226587909418,90.04545131336076,1.0
7.462267982775474,85.55986343748265,1.0
6.516552466042371,82.24159878094494,1.0
5.74260500349317,83.4168417870727,1.0
6.149369958114887,82.77502498642042,1.0
6.582087387483343,78.9186448870893,1.0
6.829894377431112,82.75838446638708,1.0
6.827791428292231,88.46344455817257,1.0
6.546730265916426,92.12971013748775,1.0
5.522618337767339,92.29169168376247,1.0
6.664079547527373,82.13319635371435,1.0
4.688675617990507,84.41376161435221,1.0
7.004093104601491,80.70314341541062,1.0
6.873005837315532,90.15001244283356,1.0
7.39408104250043,76.75923540696198,1.0
5.4112203928314795,78.18361721477432,1.0
6.186211698469604,81.82076650708146,1.0
6.858286000882208,86.25736722235601,1.0
6.317857879102256,83.39426009973353,1.0
5.573332715961548,85.1653195286473,1.0
6.307331067047058,85.2376731108255,1.0
6.068032034668413,86.1663986352802,1.0
6.995703941410505,79.82768509400026,1.0
5.37153744724521,83.30320114709365,1.0
6.339487805568988,87.88806167885856,1.0
6.292931125680571,86.40114577857834,1.0
6.757328124297063,90.46653316508664,1.0
5.927107754788124,81.26887862293356,1.0
6.127314635572088,89.53130706709302,1.0
5.9290503250991415,92.33312370136358,1.0
6.0340658625538515,84.28704854085177,1.0
6.008359162757483,86.32965072184126,1.0
5.673255448618243,86.12594717149825,1.0
8.82729979405965,87.67835294684909,1.0
5.156088512062197,86.93960557450158,1.0
4.826590093667906,92.34743853903198,1.0
5.204373387210875,87.5668246780659,1.0
5.289947451006947,89.3225085176128,1.0
6.011436571155416,86.65763365250353,1.0
7.430932797842637,79.79114858989355,1.0
7.688383782995006,87.16680176052245,1.0
6.237324363963194,83.85021988677056,1.0
3.5017872857403374,81.82456290426401,1.0
6.384359353074659,80.52814678095554,1.0
4.689345434374606,84.64801459712662,1.0
5.499298424812492,81.96267949033619,1.0
4.850277211858858,95.19836132853312,1.0
6.425622579611037,92.98385949010826,1.0
5.373392555402948,83.66534852175128,1.0
6.772119677440699,88.54578585936525,1.0
6.4773023963918845,90.78481248529116,1.0
5.759930433247209,84.13580314052264,1.0
6.080560370602088,94.24116683983951,1.0
6.91741976640224,89.61055184070281,1.0
5.627868084123878,84.49145443119426,1.0
6.915618885493234,76.00350435224307,1.0
5.98068399331242,80.17022395883754,1.0
6.269397452804862,86.59346271390233,1.0
6.79924087113552,82.80868025489585,1.0
7.331532523578928,84.89623369200788,1.0
6.5208121988777386,81.06343229015845,1.0
6.058371883962996,86.23461365569378,1.0
6.7206859347621695,82.70848980997623,1.0
4.454552362580206,77.23647062614124,1.0
7.638961603153961,83.29178374350646,1.0
4.6745087343050145,82.13987056393452,1.0
6.903709433217956,77.2417118040409,1.0
5.435836069454617,92.11588593162884,1.0
6.507251584539373,84.61974516922486,1.0
5.883432575943254,83.36566960642227,1.0
6.303589759068776,88.75187405746249,1.0
5.199212960433233,84.58702380519162,1.0
3.8393719957003323,88.83646813243709,1.0
6.406655649348538,77.59672690359866,1.0
5.399495661375719,79.81672066219099,1.0
5.351364232398423,87.72613795492423,1.0
5.274676863217951,92.45948680447628,1.0
7.984411248885122,85.15005763085838,1.0
5.417807561873667,86.08217132174633,1.0
6.3268129791190555,80.8827804790332,1.0
4.839556806130563,84.85032061582375,1.0
7.523096713927984,81.45531643179712,1.0
5.443732031383733,84.19880942105155,1.0
3.3993581908869053,88.61140061817358,1.0
8.711949873895156,75.00618027913333,1.0
4.901851367442781,86.06512863197428,1.0
7.308932334281501,80.97729207323279,1.0
6.733072560542446,81.76708892309307,1.0
6.6521796358150285,90.69086384640539,1.0
5.768515169629171,86.4771983232932,1.0
6.189198751825098,89.66814814104443,1.0
7.223936008916898,76.18112642124355,1.0
5.6990692838006005,82.94891590364168,1.0
6.2513096320862775,82.731664376385,1.0
6.928290214925067,82.05285164374446,1.0
6.083388837235909,87.20117252190111,1.0
5.5750168049015425,89.47960740585476,1.0
7.451678908317934,79.46610565059274,1.0
6.341688598872887,80.18668717810003,1.0
5.874827335412972,78.74021283796337,1.0
5.224105176028133,90.73803337303386,1.0
4.9944027780440265,82.42632538965839,1.0
6.893784105381041,84.49309609399643,1.0
6.949268086233381,83.3389466029479,1.0
3.82928894092293,80.18171707549482,1.0
5.3845083605742445,86.86630486825223,1.0
6.964888136869626,86.91513434878603,1.0
8.424306619264515,89.7066279227477,1.0
8.150353807592895,83.8728995882096,1.0
6.941866175242126,83.51456289388057,1.0
7.373332455126111,82.07239126611144,1.0
5.472580543032999,92.44070783386537,1.0
6.774534523528979,90.03783492699063,1.0
4.762835299068621,84.79807396058192,1.0
5.438123653731141,88.24486803010025,1.0
6.320971083268765,82.07078126313192,1.0
8.167937070050156,95.27237380992653,1.0
6.747963329337832,82.04216874866637,1.0
6.273827090666569,83.10155522274877,1.0
5.829916437314152,83.14484241052597,1.0
4.67755702865775,93.50617482671538,1.0
6.602863002287345,85.73801217993403,1.0
5.650906303416768,90.4220928171644,1.0
6.239044705630445,84.4495152084067,1.0
5.110669086025485,78.93512514411682,1.0
6.121254953703579,88.8774008693601,1.0
4.462971133060438,81.86771726834975,1.0
6.503906219189703,78.40738744297727,1.0
7.319725911971926,82.91962227919909,1.0
6.913950814879116,88.15828550495438,1.0
8.113823759119445,93.82142529406279,1.0
6.3245535159290736,78.06261032752533,1.0
6.5053634415125545,74.004710045156,1.0
6.5148648378558445,89.6507849869585,1.0
5.120270198387775,86.50025629474669,1.0
8.153233469262952,82.18263544713257,1.0
6.988578084408599,87.09180958316799,1.0
5.7571735785258165,88.64721536890494,1.0
5.097168257496218,94.56034373268548,1.0
6.581509283241456,84.34829033858998,1.0
6.857547553590394,91.39900085815322,1.0
6.137884867909827,82.74122029202456,1.0
6.1860745171133535,82.45165629693126,1.0
5.811883166569033,87.11886715097252,1.0
5.997252604272027,79.42516247902249,1.0
7.335141327718631,78.49020486992019,1.0
7.4006178858046905,89.81596548570211,1.0
4.499823116505208,75.184624660257,1.0
6.138878874536171,85.56674127586645,1.0
4.795898650330297,83.37628867979517,1.0
4.664304548301391,83.13489903842472,1.0
6.585952786519506,78.33847353241785,1.0
5.158430662023511,74.82048782496506,1.0
2.8466425498089514,81.69545761969964,1.0
6.645152653128578,79.17390998984982,1.0
7.28214183008932,82.8729048759752,1.0
8.03877713957856,85.4401804806244,1.0
5.603706708157357,81.2911988424873,1.0
7.445445308012896,79.6373734900452,1.0
3.3789883641920015,86.45020682177753,1.0
4.956600393096314,81.19082654710776,1.0
6.518969371408346,80.20234088552533,1.0
6.471534268087285,83.50423364569575,1.0
7.32041791273182,86.42745718080911,1.0
6.956689489632062,95.54374214999314,1.0
5.9184299803483,93.06780775546143,1.0
7.529247863401435,78.68309529466777,1.0
6.686482640131645,78.37875391409841,1.0
7.717088733056324,85.32358686093777,1.0
5.195723007276786,87.7849947008625,1.0
6.300253676320189,84.34147218712855,1.0
5.570404326099675,95.86166398127713,1.0
6.8059133073385905,90.88535110110122,1.0
5.780447832905835,93.20028683824536,1.0
5.748147802749917,82.91064691109047,1.0
4.673510352223213,80.51560206791942,1.0
6.308204133836399,79.6485585420196,1.0
7.115489374094808,84.43109217843126,1.0
7.0081956109102626,78.70825041358508,1.0
2.9839680147907015,81.83103973151657,1.0
4.380354306179344,82.84615130303865,1.0
8.005140525546592,89.72142364599644,1.0
5.812373650888774,82.63562220485224,1.0
5.851058770855524,77.9646794475124,1.0
7.165335441139208,82.76263363635182,1.0
6.196645294966904,85.94291456188853,1.0
5.36740985761043,87.80459029206673,1.0
5.790153051473082,80.39170472743103,1.0
7.897160687385881,88.23687557925703,1.0
4.61860884687813,91.93412796970522,1.0
