Peso,Altura,Etiqueta
187.4507122951685,8.92617754753164,0.0
177.92603548243224,9.90941664047013,0.0
189.71532807151038,6.601432426180859,0.0
202.84544784612038,8.56296923669057,0.0
176.48769937914997,7.3493574308781735,0.0
176.4879456457623,7.512874616235304,0.0
203.68819223261087,7.407606075761131,0.0
191.51152093729362,7.136009230320184,0.0
172.95788421097572,8.048521627944828,0.0
188.13840065378946,7.169049883588962,0.0
173.04873460781306,8.270456825779839,0.0
173.01405369644615,7.949761890550863,0.0
183.6294340734905,7.76105195313359,0.0
151.30079633013304,7.092436337958402,0.0
154.1262325123045,7.423228669431667,0.0
171.5656870613854,8.755391225825756,0.0
164.80753319498365,8.500917187624381,0.0
184.7137099889291,7.022444755201449,0.0
166.37963886718182,8.099332305429225,0.0
158.81544447997064,8.751387123371789,0.0
201.98473153382332,6.330594718878628,0.0
176.61335549270197,8.543360192379936,0.0
181.01292307031886,7.337376241054153,0.0
158.62877720679813,8.57059866859316,0.0
171.83425913212227,7.236740843457483,0.0
181.663838845648,6.1951178993354805,0.0
162.73509633866547,6.372457562116837,0.0
185.63547027518507,8.048084946661382,0.0
170.99041965121793,8.259722501721482,0.0
175.62459375310084,7.095683374895591,0.0
170.97440081655904,8.638592458777374,0.0
207.78417276763406,6.33847993773104,0.0
179.797541628931,7.9339202013526835,0.0
164.1343360656615,6.788983800237544,0.0
192.33817368154783,7.3481638921978405,0.0
161.68734525043467,8.047398671316413,0.0
183.13295392507132,7.139586634716047,0.0
150.60494814180336,7.615444455770175,0.0
160.07720926652354,9.00629280921444,0.0
182.95291853803684,7.423108130476852,0.0
191.07699869993115,8.835692112065141,0.0
182.57052421784957,6.870293145342382,0.0
178.26527576417638,8.529804177915283,0.0
175.48344456616067,9.4415686206579,0.0
157.82217014448858,5.528355499872711,0.0
169.20233687407938,7.203104744529523,0.0
173.0904184356032,8.57707212718054,0.0
195.85683339328375,7.796954613957007,0.0
185.15427434352694,8.371145873371308,0.0
153.554397669559,7.39601481328418,0.0
184.86125954092194,8.0865897874729,0.0
174.22376579375526,7.84432276460792,0.0
169.8461699954106,9.167782061659807,0.0
189.17514433261303,8.254420843301213,0.0
195.46499283743927,8.337602662075202,0.0
193.96920178674299,7.588123033877532,0.0
167.41173715166042,7.512393775927507,0.0
175.36181436223177,7.5674418121803795,0.0
184.96895147105346,8.394452142378297,0.0
194.6331769068354,7.5790155191797375,0.0
172.81238643232064,8.289774856896413,0.0
177.21511535004274,10.07540079864544,0.0
163.40497538990957,8.871124703431692,0.0
162.05690063878993,7.6739764678321585,0.0
192.18788733591296,9.201213922163944,0.0
200.34360042856235,7.591924626978448,0.0
178.919848176295,5.961875464822146,0.0
195.05299346838035,6.991913689082596,0.0
185.4245403757145,6.129208078974145,0.0
170.32320368092314,7.648486515958691,0.0
185.42093408262622,8.018418379189551,0.0
203.07054849698955,9.676437312275283,0.0
179.46260941335072,8.326927373764162,0.0
203.4696548372101,7.780899471191136,0.0
140.70382343865384,8.829405581183488,0.0
192.32853756562835,5.788864690992115,0.0
181.30570602357255,8.235614558108566,0.0
175.514889743012,8.770865193886968,0.0
181.37641164803253,6.521413754220158,0.0
150.18646628098662,9.143754043206929,0.0
176.70492168243732,8.338496407494414,0.0
185.3566885726762,7.584712086099199,0.0
202.16841067112273,8.632781866106285,0.0
172.22594672589528,10.270692857804395,0.0
167.8725959566022,8.181866255058495,0.0
172.47364434623196,8.248220586300336,0.0
193.7310317655311,7.540639100459756,0.0
184.93126664489526,7.150155630535208,0.0
172.05359694349443,8.830335816544245,0.0
187.69901149670034,7.1439161740911326,0.0
181.4561632402206,8.071566237219393,0.0
194.52967485799334,7.522342553234884,0.0
169.46920359183972,8.478979825746391,0.0
175.0850678010335,8.333662105286948,0.0
174.11837770301764,9.0375399442579,0.0
158.04727577801822,7.489983601145253,0.0
184.44180415596864,7.730125064706629,0.0
183.91582908269834,7.021236284217693,0.0
180.07670184963692,7.555706739923888,0.0
176.4811929993728,8.377300493044853,0.0
158.7694388692438,8.756988616645351,0.0
173.69032015851963,7.077834675822374,0.0
174.85928225209847,8.869605920105661,0.0
167.96584096167572,9.35563785880495,0.0
177.58071432500986,8.4134349032237,0.0
186.0607628522181,9.876795812558067,0.0
208.29278851815795,7.2262108008964265,0.0
182.61866719247757,6.755345296688583,0.0
183.86325586084146,6.221279751095722,0.0
178.8833112635075,9.496044311489182,0.0
151.21843177051437,8.654365656354058,0.0
179.60229186826174,7.944415329089545,0.0
180.9034531491154,8.279968626319821,0.0
216.9486316872793,6.874510952701623,0.0
177.11458552828316,10.445751979616826,0.0
184.52321013500418,8.129221181975227,0.0
179.47932345442135,8.109394794604892,0.0
162.46982943570703,8.725766623898693,0.0
197.14234221772531,8.481009231736714,0.0
191.2789954903016,8.223884024279132,0.0
191.8654792056457,7.209525544554688,0.0
166.3591881780789,8.471468357135995,0.0
201.04191466404149,9.882024496475033,0.0
158.9722340581158,9.345420046154977,0.0
188.80285640700404,9.593186626639397,0.0
212.85683438714966,7.488784323568815,0.0
165.14195512303968,7.010395179741419,0.0
171.50553405595844,7.874213079900352,0.0
181.4947704763146,8.055724912288694,0.0
172.44786518825703,9.094191518470948,0.0
156.740048534008,6.307535370285181,0.0
181.0284446220904,9.529550319460613,0.0
164.06544429410843,7.8419921014210106,0.0
187.10388645952773,7.57311893005258,0.0
166.20863648649296,6.987895624739832,0.0
203.24901607526309,6.345143328134231,0.0
168.25120061495645,8.823170583961915,0.0
175.16907725691487,8.073317967188403,0.0
192.20275826054504,6.710039100258946,0.0
161.53703525349067,6.704921227936384,0.0
183.41189901906193,7.664215300709872,0.0
199.60714131423643,9.669021525289393,0.0
155.88775148158157,7.740408648636395,0.0
182.76950787798455,6.496857046881894,0.0
183.89824191372637,7.754256935914055,0.0
191.72734307665965,7.72727643025233,0.0
161.44573933682878,5.303113357058429,0.0
160.19315080373585,7.945705133482188,0.0
187.82912348425347,7.769065469791322,0.0
184.4547700984978,8.696206364813419,0.0
183.75739275518814,9.848956094945345,0.0
185.19672314245463,9.126565029547757,0.0
169.79962917632264,7.731111309445169,0.0
183.48380545741506,6.89347409125833,0.0
184.3960870994802,10.573359803249861,0.0
169.2847287296045,8.059218434014488,0.0
207.98661766717134,8.013929291912946,0.0
187.10749381367683,7.975874912889997,0.0
162.13044754196028,8.198084760767856,0.0
189.84830412950745,7.855639588076057,0.0
165.37977494659017,7.4263379931197635,0.0
191.80626905613678,7.453141058759607,0.0
197.37893368511106,7.9672467297840015,0.0
167.68976522472434,7.456575228866235,0.0
194.45064193866483,7.287154217322835,0.0
186.19171390404748,8.106430227691897,0.0
192.33090239991736,7.745022782579145,0.0
208.4518947398092,9.503992988582688,0.0
176.31917825995694,5.349030191606988,0.0
168.69395753463766,9.091506851922462,0.0
166.65728355561714,9.24608519249763,0.0
167.76284572551842,5.9266097675918505,0.0
178.84347435878843,7.657312405919651,0.0
185.11727962224967,7.628559134004209,0.0
184.15036198995028,6.5924883052821786,0.0
192.40774873554037,7.222183312409125,0.0
180.19502837816862,6.889424154534171,0.0
201.80301115735975,9.752270443423622,0.0
176.03014750143066,8.93567839314746,0.0
220.8025374988443,9.27155509499416,0.0
189.38501021647508,8.721672064043235,0.0
167.14263665375577,6.870948228782771,0.0
163.9366125290833,7.475479733720226,0.0
187.23708622864777,8.489374561227917,0.0
176.64805822011223,6.777872191108054,0.0
190.71000741138138,8.712998430172387,0.0
187.09856436860318,7.759674601841865,0.0
178.9075663101469,7.625179192450402,0.0
167.29809422897392,8.710959968203491,0.0
157.27729162971204,8.44426331148604,0.0
173.30227571899468,7.63903383418092,0.0
192.84598191485208,9.159329803364248,0.0
183.21140616195305,6.918936672400102,0.0
161.31391831932018,8.615935606944264,0.0
182.59771388776772,8.593101257968383,0.0
185.77976069593257,7.690453560686009,0.0
166.742138456983,8.326133022242118,0.0
182.30587658918293,6.748886423614697,0.0
180.87313077669,8.924027019206902,0.0
162.85544553254064,7.8150978635570105,0.0
185.36681040522424,7.47727697948096,0.0
188.41176789552352,9.049009225836889,0.0
196.24576864762915,7.29565630945724,0.0
195.80703078052355,6.591538703636441,0.0
159.33495948064365,6.443370826476096,0.0
165.93262440127316,8.606009951345639,0.0
187.7255290081299,6.719570647503717,0.0
187.70678926368313,9.754794181984364,0.0
187.7257152945907,5.918070592116278,0.0
237.7909723598208,9.696456368290038,0.0
188.56335766039751,8.211017467202618,0.0
197.033484602709,7.903286888129608,0.0
194.31002645239803,7.4550809131910505,0.0
189.77086876958697,8.399136114352071,0.0
175.2709613303948,7.962365297575151,0.0
191.384538307399,9.103301882016522,0.0
168.40762178193643,8.11422764866204,0.0
176.44772089889986,8.150301761461877,0.0
172.71954678256344,7.636387787786144,0.0
181.22811209079484,7.9430543762789325,0.0
214.71987850010262,8.307801768892059,0.0
151.99102211112378,6.289831607343374,0.0
190.29390285561772,6.651814577894287,0.0
155.8092619321552,8.743264094022715,0.0
172.9210220131585,8.170865438127942,0.0
196.3342589545105,7.8160166636473205,0.0
180.96420028643195,8.018433933065394,0.0
163.8338283310604,8.347581705361671,0.0
169.2704443611005,7.460240319690638,0.0
190.19396623402014,7.221695274597687,0.0
169.04450052424295,8.195845255097682,0.0
183.24687884372963,7.021627222384968,0.0
180.6835775985572,8.408252755714472,0.0
170.22599478591275,6.297416395762159,0.0
212.1591613398799,9.029155637325644,0.0
189.50878533477018,8.472597482413043,0.0
149.6228612001359,8.256029734313875,0.0
182.7968147215414,8.982690983945513,0.0
170.07320302847418,9.665474444462577,0.0
192.78650002194337,9.01437006501813,0.0
168.11218892350948,6.159125768668355,0.0
178.27895337799652,6.720423033264298,0.0
187.57480918470685,7.375181422304321,0.0
192.98632791255181,8.026091050210834,0.0
161.99555389416335,8.517659020469123,0.0
174.98248146238578,7.274256186846534,0.0
172.87582033258565,8.186766764477078,0.0
170.20006151139432,7.2446170676466775,0.0
206.48181360421646,7.388482197008051,0.0
186.07472566441433,6.5933389031517775,0.0
161.08674068497433,7.076766753889096,0.0
193.76792920582164,6.648315394383666,0.0
211.8323429551895,7.024126747022668,0.0
195.4869789082672,9.05364179660784,0.0
157.2094505106898,7.050601111168057,0.0
172.73648890700622,10.63238206483739,0.0
199.00366723779933,8.49331790088089,0.0
169.3849580157183,8.184836123694874,0.0
186.65729142219342,7.141642219818786,0.0
191.61951080144004,8.70030987940899,0.0
166.09604292632875,7.424362173762226,0.0
179.107119659073,8.122009814645361,0.0
131.38098989896392,10.560084538268795,0.0
164.63418537998564,7.90394010027535,0.0
176.2114777291026,9.149273326285677,0.0
161.28325227052727,7.296823574874113,0.0
204.48616955897452,7.9650115095030385,0.0
158.54787933059052,9.77080063563551,0.0
173.39933269954525,7.373032942212233,0.0
181.96110865929137,9.812448557996928,0.0
201.61909933599173,8.707751935455475,0.0
158.4620677323084,7.437533224105732,0.0
197.4474562823244,8.632407739055521,0.0
180.1534959152938,8.97255444962673,0.0
165.27737023428074,8.621809962217196,0.0
186.93155211394907,6.429775280109544,0.0
182.98589543360205,7.272862824175132,0.0
170.99674684261808,7.752481364448495,0.0
181.0470312748503,7.925566570899954,0.0
174.2202960470736,8.620672097550678,0.0
181.70276017876873,8.177701000933254,0.0
189.9319601178157,6.664655641289899,0.0
203.7902522421803,8.380197851005963,0.0
161.43276751759726,8.610585745283823,0.0
211.995500619844,8.55979044793104,0.0
150.71868300716247,9.080780725554622,0.0
177.72322357446626,8.833922154548905,0.0
188.82475809726864,8.459180079228437,0.0
184.2148780160255,7.929834288541353,0.0
170.6595072026911,6.339039066484009,0.0
176.87816624464088,8.429618219132585,0.0
172.6049859801175,8.20768768716311,0.0
171.15952864583682,8.271578837195374,0.0
192.74403145531537,6.723251424179691,0.0
185.3552322894757,6.918943459591738,0.0
169.60635607109018,9.053152853332904,0.0
193.49399813149876,7.960444846143345,0.0
184.60949281314913,8.681500697372625,0.0
192.1929317825844,8.02831837613046,0.0
189.44443262885417,8.029756139495746,0.0
167.56507483616892,8.938283805975997,0.0
171.59728439704546,7.4839552717826265,0.0
191.20940407684893,8.096120776940984,0.0
189.15555398150198,7.537724711294958,0.0
179.68647609053778,7.565503772567684,0.0
181.75991074963173,7.690827876531361,0.0
199.16497343682636,8.222133771633713,0.0
171.12642916746256,7.5212513783365225,0.0
188.20646071755056,9.255756125573521,0.0
176.9671102134916,7.105392697780496,0.0
176.73478195159169,7.813128355838641,0.0
196.48165277980786,7.560268941725825,0.0
192.38124523482045,9.446977884353732,0.0
192.20264454000957,8.196554776511574,0.0
199.58218210731494,9.031844539468635,0.0
180.31505762449137,6.5144396269630285,0.0
190.22929456942447,8.267050265869258,0.0
175.34599865109817,8.889630795623438,0.0
184.86249528732662,8.082283989275425,0.0
178.04785418448472,9.065480375065352,0.0
181.45493947489078,7.482711549899628,0.0
188.9273553815537,9.40934744018558,0.0
167.7266897514979,10.29889812361925,0.0
211.3858091352819,7.637161439560341,0.0
164.90973927750446,7.554497478599228,0.0
161.78717080818402,9.453384477117702,0.0
197.37166310250103,9.579572145730712,0.0
191.87494040944404,7.477139972846731,0.0
189.36179725578234,7.579813182904143,0.0
189.4251826389642,7.718215391139493,0.0
179.81629840729627,6.655549488965723,0.0
166.54118442771252,7.081348053515802,0.0
181.1370683729059,6.995859233247932,0.0
169.84257432731832,7.232202434895871,0.0
194.62679600126626,7.965315112613219,0.0
177.79413927746793,8.23421473253652,0.0
167.61754204811234,9.550500492814077,0.0
175.1792123752051,7.001645959261209,0.0
186.19397181413436,8.984322398476584,0.0
171.54413170794038,7.786011155774491,0.0
167.66669406650354,7.950536290347567,0.0
183.65530817237868,8.674819492166604,0.0
183.67449856663083,6.877277978437702,0.0
172.39585236943304,8.38240974618405,0.0
172.93442541572517,8.166452208213055,0.0
183.48074906036453,8.49245126400815,0.0
158.27873487754013,8.289168643907818,0.0
158.88804338435168,10.455300139910895,0.0
169.22333668121345,7.362260015748684,0.0
176.7982927243223,7.469003044998182,0.0
184.66361348397007,7.3768594735752355,0.0
202.1303432542433,7.444522880839745,0.0
192.8648943480303,7.362612872693482,0.0
177.6009220505486,9.189016531107551,0.0
179.71475688145966,9.420504247989856,0.0
164.96205953043287,7.429253706250524,0.0
179.72230296011415,7.167644426895771,0.0
175.67012041619793,8.471415556386404,0.0
184.84077840507135,7.4477769557190285,0.0
167.59153584671515,8.63293181775551,0.0
187.79019771361757,8.2029230208513,0.0
202.99108369503867,6.484255885002768,0.0
178.36859777314714,9.547505201330061,0.0
186.02567583148414,9.795877673095521,0.0
190.3521598756667,7.387211309515614,0.0
173.98169292171247,7.6122984400640155,0.0
183.36138722715626,8.285865390724904,0.0
180.18888601172694,8.334456789987025,0.0
181.46514147823248,8.658544272672831,0.0
168.404853242168,10.010204538766349,0.0
180.36765261388413,7.82305277250595,0.0
187.46997436868173,7.201702755461547,0.0
201.7671541169256,6.620680771985473,0.0
194.38906239127812,7.269069960058081,0.0
212.29773686267333,7.966873027126203,0.0
168.48978655667926,9.794557863517788,0.0
193.08480955081018,7.482388700963829,0.0
182.75013008607527,8.223787951638899,0.0
212.8470439982651,7.983577103927248,0.0
167.87552571967274,9.188393273448083,0.0
167.40417236728837,10.526932425873621,0.0
171.00911031833968,7.4691312270796795,0.0
148.1415641353529,7.510560557481778,0.0
172.1136746747886,9.044160877069071,0.0
168.61301007669454,8.681891489626311,0.0
182.25590679714313,9.846707325736034,0.0
185.1263396366574,8.583928185325965,0.0
208.1425625882383,7.64070790921294,0.0
194.25635757279076,8.590654830692309,0.0
171.34644516506395,9.108703580582908,0.0
166.52377992977463,8.820482181197365,0.0
187.3787875725976,8.507274031107297,0.0
160.19650189469036,9.066674689589155,0.0
207.4718814878153,9.169295590445673,0.0
197.6916018108193,9.382158991037528,0.0
172.96236521842943,8.648709887589643,0.0
154.30298206363685,7.832881919683146,0.0
200.3080856124812,8.146713686433323,0.0
178.28190232121074,9.206508966508357,0.0
198.5672446796019,7.183064329012764,0.0
156.0835851180845,8.368673308872902,0.0
171.00937465569342,7.606661187672639,0.0
180.07865549577275,8.028744822934817,0.0
180.70470890647113,9.278451862607298,0.0
173.24901792781134,8.191099068019904,0.0
189.3427489852125,8.046436548156148,0.0
163.98569355926108,6.640143859020081,0.0
177.8643077246806,8.746253566027221,0.0
181.80443447567848,8.645484181141075,0.0
187.71658251088124,10.16325472330546,0.0
190.67422317133335,7.692221765046999,0.0
163.13036862243197,8.21915032766394,0.0
156.98828743896567,8.249383683710755,0.0
199.16515232847763,9.577453279763475,0.0
184.98471017969388,7.904704467613048,0.0
168.7727019516517,8.27902152577034,0.0
203.26727963283784,8.60789650971654,0.0
181.7351195143929,8.186609123156359,0.0
197.6894577609574,7.5535663854494715,0.0
181.01277722115162,8.194089992898308,0.0
210.9112188732298,9.073631749859771,0.0
206.33011263664807,6.97348470058894,0.0
176.2655377728139,8.132969674146876,0.0
194.57356426431534,7.299879185060827,0.0
189.68063924377722,9.195046628924842,0.0
200.52947336298524,6.476813095216225,0.0
165.52614809129844,7.441078152728411,0.0
190.2907718999766,8.377211875064521,0.0
195.8763673027438,9.565524029234341,0.0
153.6189077036533,7.934249738927012,0.0
162.2511223100134,7.444800473306802,0.0
149.41151733359848,9.88115706944059,0.0
175.95889748333164,6.551986099583756,0.0
190.76313383693943,5.801194043379918,0.0
202.53535578144042,8.440014450053333,0.0
181.11142170629662,7.497945775647389,0.0
204.42923318356938,6.978767182869287,0.0
159.29847812677662,8.708356447299353,0.0
154.44926340967268,8.243800713771199,0.0
179.1667845165507,7.435921369263272,0.0
185.7609817340896,6.719695601329105,0.0
179.5095787785886,8.872457328280145,0.0
148.98836849940184,8.65020117795866,0.0
178.66319940730818,7.900824136220617,0.0
160.4329574924272,9.846636996047666,0.0
190.04508823245058,6.929915233673848,0.0
185.49897369145273,6.474474829075261,0.0
165.90180320508966,7.3080919301187555,0.0
172.29199623994958,7.9544139836445025,0.0
164.11179717166573,8.243339449322692,0.0
179.0598135409024,7.75876394214367,0.0
194.32713480751858,8.352055396514297,0.0
165.21410930496685,6.748460575809556,0.0
187.56069773276766,9.443764604073259,0.0
172.04613572441338,7.917848821607431,0.0
168.10690751606484,9.117295831588127,0.0
178.39454460068163,8.342725346377705,0.0
164.47136516370938,8.456753219153784,0.0
171.69526041979228,8.569767280232204,0.0
162.03183161116726,8.447708560017315,0.0
209.47087699374583,8.642722759867544,0.0
180.52895327957592,9.329152530132431,0.0
169.5041173801112,8.19652116970147,0.0
183.20969866101333,8.709003757588512,0.0
178.31507925463757,7.910264305712773,0.0
176.68545600700165,9.440117215449472,0.0
189.21250050065137,7.32360769794073,0.0
191.36261565070959,9.800940432910815,0.0
172.04248278584208,7.9598420493556565,0.0
171.3627263903298,6.569224897881952,0.0
175.87422454272533,8.128104414910789,0.0
145.4711825289662,7.318948342525119,0.0
157.2721340670217,8.840643548988725,0.0
200.50311401166786,7.3473760206976095,0.0
204.67451570251924,7.55381656678522,0.0
176.26445940665434,6.110459269054469,0.0
188.6483544458365,7.547693680750923,0.0
184.66875231815305,5.576120673371044,0.0
226.18321212682855,6.416097176514277,0.0
196.79362367151865,8.760414656144297,0.0
178.08123612778851,8.785800158650833,0.0
165.6668933909936,8.425457561784965,0.0
155.90330519613642,7.033023856870787,0.0
183.05195453800835,7.9522886438580205,0.0
168.65473882073545,7.9963974609094315,0.0
158.66619435603488,6.841635310807457,0.0
170.3014067363621,9.50339830176715,0.0
163.77677994578409,8.877362290575672,0.0
205.30712452608847,7.779035826170336,0.0
193.22459635424175,8.02688583899453,0.0
179.88041038025074,8.208382807947553,0.0
202.1991620833504,5.958265131575709,0.0
181.16052461471426,7.752822617479403,0.0
167.08073698007604,7.318015752002202,0.0
202.84686115904486,6.998379990105084,0.0
188.08365065526988,7.718899707114045,0.0
164.44130768510314,9.797686526849523,0.0
177.14491982874588,8.64084286126701,0.0
166.86572619922865,7.428821010217203,0.0
159.25800403553495,8.572582781356159,0.0
170.99033154879004,12.778361076166638,1.0
163.86950524369152,11.448814283671467,1.0
150.89445554880263,11.181801116577693,1.0
140.29594833441638,11.996625542589047,1.0
160.47334970420386,11.829815377475072,1.0
155.90228078132625,11.546771950672724,1.0
163.427898300416,12.696387447456715,1.0
159.52757702522953,12.955305208570511,1.0
165.74329072979003,12.088406886291848,1.0
141.97147182659148,13.477530081055262,1.0
169.76091098451488,10.858310885866494,1.0
152.963994070386,11.806340540720281,1.0
181.12891308937898,11.283177679397195,1.0
139.6621827286565,10.13346338292694,1.0
176.03945704747875,11.9173193141573,1.0
152.96866175193972,11.878252491616717,1.0
140.22872994578327,13.51344974324213,1.0
142.74171248918518,12.630811684554777,1.0
145.19479037708518,10.975813175670796,1.0
156.36248919602875,13.854092566334188,1.0
157.84253232053248,13.221033695525353,1.0
141.39449994092132,12.582097703468616,1.0
149.63468111608526,11.773515901150168,1.0
182.13405537917794,11.04056076327652,1.0
175.91314755151066,11.627793223928947,1.0
156.54485504511047,13.088748619704186,1.0
150.570052172523,13.88458630593461,1.0
151.80046990077392,13.543243528272189,1.0
159.20276959095625,11.511150578213726,1.0
134.65811152202392,10.880382566710988,1.0
146.1393519386498,12.140886246911204,1.0
124.97123889183615,10.231560634437148,1.0
155.98834683907918,12.323167714184782,1.0
159.70793909554112,11.85239741370133,1.0
142.75220306550938,11.533963498131758,1.0
173.6098014493505,10.405296932733204,1.0
131.6135150549649,12.513600106569717,1.0
128.0343767968527,11.467299160338088,1.0
153.36677727839958,10.830083164289713,1.0
165.70647453918232,9.12773778671835,1.0
175.25891537186803,11.972485094949363,1.0
143.1167360569659,13.772251596669744,1.0
166.18021250146944,13.66125921454787,1.0
149.4223729574894,11.542903743413728,1.0
147.4105905008877,11.397787939638219,1.0
163.2548990623001,12.468774256075024,1.0
159.7848431762013,11.001614560811708,1.0
126.35411764523626,12.301791899819467,1.0
172.14810524588844,12.76608027838469,1.0
170.70137031221176,13.226933223884307,1.0
140.61655947735707,11.899845923520047,1.0
155.93705300156114,11.796326249823034,1.0
157.41045279424108,11.122017413243439,1.0
153.9101064873586,11.17311964596014,1.0
141.7454226923187,11.773521108098473,1.0
139.92564948092922,12.367365506816178,1.0
149.6166889351283,12.913584626233249,1.0
167.59093528889048,11.196821049319656,1.0
158.1540023189165,13.492688568959522,1.0
144.44078501870843,11.728876398957432,1.0
161.57548065972517,11.978632705651563,1.0
107.27186069054886,11.252788320852176,1.0
167.23148550558156,9.575759739727058,1.0
123.90429331832851,12.88404539636105,1.0
144.56338587895303,12.736843897092433,1.0
133.20495158060783,11.718672442881786,1.0
130.5797778641864,12.066990717224872,1.0
167.4124018106778,12.5159392177041,1.0
142.98448198032162,10.437454143113458,1.0
155.19755822596073,11.470947322653705,1.0
149.29619131681224,12.794264679621827,1.0
157.15561240834683,10.745710576830751,1.0
151.15232836590383,12.29355793216663,1.0
130.75511663717145,10.643418195376595,1.0
164.9440022917071,12.466429982433526,1.0
142.59365125258032,11.964358517702516,1.0
126.65127152010373,10.38486818409449,1.0
143.57827258551131,13.164739354457172,1.0
172.51139685951466,11.26540842320195,1.0
162.75332613170238,11.18974756298562,1.0
144.7702179838821,12.200569197230942,1.0
144.76113443522357,13.148637349428714,1.0
145.17547423173926,10.984178181021603,1.0
181.15121975341262,12.061679849847971,1.0
155.7290317834733,12.428816500330573,1.0
156.45062470786604,12.693105607263144,1.0
165.45425181047764,12.176441555277226,1.0
153.5818373853977,11.632972160916678,1.0
146.11436781268947,11.17240977935128,1.0
147.05475226372533,12.086143883046375,1.0
148.92598110878905,10.927860988014393,1.0
149.44166645235237,9.078649516505394,1.0
160.9144431545547,12.436559804157667,1.0
150.7791882871095,12.903934841086196,1.0
160.98960115823368,9.637067564458162,1.0
148.78925129837125,10.990269295290062,1.0
151.17952785474137,12.619154261005198,1.0
120.0269897320184,14.057495469711698,1.0
163.74491512053723,12.020793707675407,1.0
155.1973271384699,11.271997058770866,1.0
164.9701516478948,11.817103558895159,1.0
106.55616932709466,13.374876419148185,1.0
181.3256205717109,11.354035820875465,1.0
147.9061555776724,11.200807993349747,1.0
166.62274225106273,11.517256477817968,1.0
134.40141109311705,11.046671391741288,1.0
159.19160857593855,12.122670315994796,1.0
134.19876655239517,13.62467845846956,1.0
140.64346558956294,12.32307927311603,1.0
178.7104703080018,11.747646497873712,1.0
147.1397639885498,11.708188731084455,1.0
153.26149309769585,10.436809191303343,1.0
163.0510159603313,12.883109777147158,1.0
157.43522831958907,11.922162802987199,1.0
152.25628357715365,11.819520086409375,1.0
155.47441503699338,15.19310756784486,1.0
186.05123377857413,12.298752908365687,1.0
149.13571804449623,11.248208949904816,1.0
153.0164857007245,11.573642403794457,1.0
165.75981594011418,13.148445709196755,1.0
166.58288899436977,12.113270410537764,1.0
167.8054545834057,10.561722021682634,1.0
159.58095333043778,12.919228934575203,1.0
132.85492630904275,11.331855914461006,1.0
174.50147298451645,13.873297776217546,1.0
132.80481910471968,13.08004806571465,1.0
154.5395319785855,11.552678104341249,1.0
138.68586224970963,13.281016361735112,1.0
149.0379248011051,12.067855510527403,1.0
154.93143615455222,12.852773675122219,1.0
154.82035823175408,12.484732817294475,1.0
156.32881131352926,11.153643345009126,1.0
174.2056690358797,11.356450167682539,1.0
156.8030145227097,13.029960817581161,1.0
146.33765047064026,11.66522466789346,1.0
164.46130752432535,11.596351536758004,1.0
167.8420573338696,11.044877420650646,1.0
131.58588277294513,12.42359906559346,1.0
158.96100104774786,14.062524919243145,1.0
160.51759113466346,10.932467085745728,1.0
145.5365474496001,12.024219456672759,1.0
170.63560219967428,13.412220555415429,1.0
147.7491661945121,11.920358608754285,1.0
151.88364680207314,12.452371796249734,1.0
147.40392263574196,10.93760647185312,1.0
150.23368571372202,12.428307097207648,1.0
133.55587369657198,11.812855734995452,1.0
128.39923676108558,12.985729995679863,1.0
173.91757594837458,13.18738605156475,1.0
137.2955797752251,14.589563642018614,1.0
135.1291147581554,12.579633173213576,1.0
117.69914829594427,12.325796316582167,1.0
140.41557378465745,12.194384301577337,1.0
130.15365309888753,11.646833707189312,1.0
174.63022740204553,12.338483843461692,1.0
165.1472563401395,11.704598589860971,1.0
139.67774482233415,12.168460976269614,1.0
183.78653708016463,13.317597535607959,1.0
164.7264823048739,10.993457434720359,1.0
145.12752924737066,13.139878561129045,1.0
112.5089142768964,13.317115067339865,1.0
184.36413858886112,11.88193147300892,1.0
129.15641299854605,9.878145100991405,1.0
125.31901879564663,11.392178012905568,1.0
165.3385564801446,13.296994546561109,1.0
186.59628609508908,11.977131937701119,1.0
170.76409227765777,11.00069776770509,1.0
158.4586368007854,11.495225078771783,1.0
158.9213151249793,12.840620026504553,1.0
162.8012333817046,12.546733568201379,1.0
161.38392884680147,11.761067900830305,1.0
154.21787135954062,11.633175588185312,1.0
151.56301655927814,11.608241850956178,1.0
149.06110308150716,11.077589815501497,1.0
138.69053116699985,13.615375689469442,1.0
145.78987384699838,11.67767953078866,1.0
124.60564778706922,13.217158520825496,1.0
148.52490559807876,13.521316051922451,1.0
135.17113339273624,12.99831089814796,1.0
133.44616024176344,11.568379687281952,1.0
152.6984122673022,12.403730090336609,1.0
170.880034295169,11.975804393609083,1.0
163.7747490900347,11.096298139269871,1.0
126.44249094565234,12.324359281721604,1.0
135.15557795144494,10.820960208840198,1.0
164.11156781982325,13.187679388461564,1.0
135.26268909692536,11.535382702701607,1.0
146.63050275004463,12.20115965587284,1.0
158.2507814853683,12.283287871546142,1.0
135.47483317704547,11.741095026295923,1.0
151.5806325921894,12.586693801475274,1.0
129.98961757622692,11.525096343377475,1.0
140.9794853407318,12.871297297457245,1.0
154.79672901213806,10.65402031975325,1.0
126.10509399702497,12.126379579546413,1.0
156.607121069406,13.938928999058284,1.0
149.7054330160998,10.999668675394425,1.0
158.2873493162572,11.322255029475148,1.0
153.35871201096992,12.513907849658915,1.0
170.46210644960766,12.179581781939598,1.0
151.8783675397186,12.350630099273559,1.0
143.5589168831212,12.489187130147663,1.0
151.83446254548426,12.63472146856177,1.0
158.14947043554582,13.109699841956223,1.0
150.73290105488556,12.409818656928513,1.0
150.60887536805825,11.758742345381458,1.0
139.47012468289867,12.672573701202731,1.0
140.05648623673576,13.899881934895216,1.0
128.9609209230046,11.867366253617426,1.0
176.2436511478041,11.025470695329359,1.0
131.34205146913072,13.107080669286972,1.0
139.6064220330614,11.879618836046403,1.0
139.22389101646203,9.827330453985963,1.0
163.4238656541666,12.847421677150422,1.0
145.57575482561958,11.464671814046078,1.0
168.71613109010602,11.909466717695839,1.0
139.89764063634198,12.331980330569014,1.0
154.18491243335703,12.190499679779066,1.0
137.46979420110364,12.709451817139039,1.0
182.17723691660083,11.564513629430156,1.0
132.1860237145573,12.513105798176083,1.0
154.6473106534054,11.740453322416084,1.0
159.50665321398148,12.738810480887503,1.0
156.2069864617725,12.615367484013053,1.0
147.22068511683437,11.064561297955404,1.0
148.0526895039986,13.085982116175032,1.0
150.65717207968663,11.464036554885952,1.0
147.79496997557268,12.808057798281146,1.0
164.45818675192365,12.367287313401341,1.0
183.15784502387027,13.838183676795122,1.0
141.6376232248825,11.776534017628148,1.0
129.45295530631384,11.650683203881803,1.0
148.67576927473118,11.980580394112268,1.0
188.69564006481477,11.696820217165724,1.0
137.94488148045403,12.79994190194205,1.0
174.58675208166102,10.383689391563411,1.0
175.16551221114662,10.946317580853647,1.0
141.6961763743801,10.932197078420806,1.0
158.53474618777912,12.950307591973576,1.0
174.42594934692806,13.710613372581925,1.0
144.3130838851877,11.895550781462529,1.0
146.94629459846456,11.83117827680999,1.0
141.27478629077035,12.070052163113182,1.0
134.778649039607,13.16187830260819,1.0
140.26083682400989,11.072646865809427,1.0
131.64089599856615,12.238368982734785,1.0
150.5112520238884,12.97519762978243,1.0
138.45040153412037,12.501094169939845,1.0
153.50678867686122,12.189581616598744,1.0
126.66156530694559,13.00104609256714,1.0
154.96320348321686,9.296767707000763,1.0
162.50293442413385,12.677875319530907,1.0
120.09396536142816,11.345924316872576,1.0
155.61084854771357,10.169367103143543,1.0
168.41503488709938,12.511202599524982,1.0
131.85538471963193,13.373658545162957,1.0
175.08858580256555,11.862551485372308,1.0
156.28528514049069,12.952874547202939,1.0
139.42482216362387,13.612278257988645,1.0
149.16346383513442,13.314914453584047,1.0
158.37490368782585,13.639964529371394,1.0
151.14008087118617,12.742127491071892,1.0
158.08133988669553,12.075433638901593,1.0
136.1898961038095,10.398034188102832,1.0
152.54041236054118,11.75393751187005,1.0
128.7942825464253,11.156753404683808,1.0
148.3316090797695,14.170942717497814,1.0
136.44138537802814,11.824114187567663,1.0
138.9670508611535,12.123204806784486,1.0
168.54139762815657,12.551485376040468,1.0
166.36965180891403,12.043602446372454,1.0
159.13707181360766,13.695051040430753,1.0
133.61530852991132,11.377350638265549,1.0
145.25387325457797,12.194607455237243,1.0
168.19646549968775,11.257529414301953,1.0
152.12575370459857,10.679977488779294,1.0
184.7899430997254,11.388230909094714,1.0
155.8997675909156,11.962963202951588,1.0
152.88073674735048,11.57069777548274,1.0
145.36325303696248,11.307579020126145,1.0
152.00311357173425,10.593682536328167,1.0
147.71295245429184,11.916894427371306,1.0
160.62163015032885,10.495279625968998,1.0
164.35053475191876,12.760055963689602,1.0
138.21015809238077,12.082439752934503,1.0
130.03150569663333,10.54244850053507,1.0
122.45691940345056,11.690790922950136,1.0
157.61986990368814,11.247843594409417,1.0
133.4495009073919,12.319174510419181,1.0
117.70664110571275,13.340450446023144,1.0
155.82867906796446,10.124827530354256,1.0
187.39499276149186,12.115026079147418,1.0
149.9089363269016,11.839867204433359,1.0
162.57736161677462,12.671340076450466,1.0
151.2274403782135,12.21319662823769,1.0
148.51665520213285,11.248030668261181,1.0
163.78614724481653,11.680946064333382,1.0
145.64588183717024,11.203974143196511,1.0
154.01088471107855,13.076007138598598,1.0
154.82546709294022,12.021311648671942,1.0
139.97864319535427,13.901190685753008,1.0
164.88063524304783,11.939339186185379,1.0
147.37560364956886,11.291593233089538,1.0
138.66382260760733,10.486285607387172,1.0
158.04764765355606,10.196860323744055,1.0
136.52298027313444,10.41586405699451,1.0
150.42271736053692,12.267126651011484,1.0
149.86321505033695,12.508725023229934,1.0
166.28843348747367,10.418809297967867,1.0
157.12047349319928,12.895038314076116,1.0
149.62459561882284,11.516938948316561,1.0
162.2664944880043,12.14679301198555,1.0
170.8531132352597,13.612220628255425,1.0
158.36715459527792,12.896839315865531,1.0
150.1552892976507,11.731469352094168,1.0
130.3224565147476,11.108807774584713,1.0
134.02329505386942,9.848184598670695,1.0
145.42162943467997,11.28084668075758,1.0
140.85731696761076,11.788869761172306,1.0
147.19543045521831,11.012820472848816,1.0
150.8497488734566,11.868743032907695,1.0
157.94539131535097,12.076851882958769,1.0
148.94251832911362,11.775144018191922,1.0
157.29752465739304,11.34999741917654,1.0
150.96711622215182,12.168654671966728,1.0
120.36800150469193,12.441940649569409,1.0
135.90996909271868,10.909600922557154,1.0
147.83868666417578,13.41093237974627,1.0
131.8545788573834,11.901411867715739,1.0
158.99893094994306,12.018849622944847,1.0
172.96126248515546,12.708214423256557,1.0
168.28142777545975,12.233216131263502,1.0
146.79835693604687,12.953136633913244,1.0
172.36089205274928,12.287124165201824,1.0
152.23001185803167,11.387562625359562,1.0
144.9437104332294,12.361503525206102,1.0
140.7989600468859,10.856273792679339,1.0
145.46295470267808,12.108559705776523,1.0
144.17734772188157,11.966770009355539,1.0
152.5562433356323,11.79188314272746,1.0
152.40860971574796,11.87146248856107,1.0
150.0456903023012,10.118150954502362,1.0
156.55407254619524,11.451275092259039,1.0
167.85969412179512,12.092844901141115,1.0
164.24331203161987,12.159856391997401,1.0
127.72653047325144,10.972324859074043,1.0
111.69118297647069,13.265707840864701,1.0
164.0147986685891,11.1338251517855,1.0
129.4968195237687,12.969457200526737,1.0
146.62851897160974,12.427194361871685,1.0
132.4483046091096,11.353772690156196,1.0
122.9702934362997,13.775310892609513,1.0
158.12194092307183,10.80636316824352,1.0
161.3873274045397,12.919154173610002,1.0
141.3523439890992,13.000582318042978,1.0
111.13436561782635,11.329379790923355,1.0
141.80633327621277,13.392465300064329,1.0
155.8770600810382,11.749953485401047,1.0
127.81632646838807,12.288693629279857,1.0
152.75039879668734,12.26032183877122,1.0
149.77035226240505,11.865691258529452,1.0
158.6893724940163,12.810808273159783,1.0
151.7937055262123,12.793488720552213,1.0
135.40396588677666,10.251468026761819,1.0
167.94857252496737,13.304340242878153,1.0
147.62205640459544,10.337508011964326,1.0
149.59043190735102,13.032546204341656,1.0
136.00098061390207,13.126705136827583,1.0
143.35076623212734,10.909033569784802,1.0
136.7279592895965,11.589185712045415,1.0
147.40580910114866,10.894295331514064,1.0
175.67562720213516,11.785078969711265,1.0
129.42148285602966,11.69196571581426,1.0
125.79657903184888,12.77966053226934,1.0
172.06755491240412,13.310308746119608,1.0
146.860144842722,13.395683810789956,1.0
139.96390892010126,11.437831973421698,1.0
165.59857031094114,11.790778126255471,1.0
140.91576690394703,10.316561807779049,1.0
177.39014570320404,11.194129933503811,1.0
160.16888807008903,12.964851633097458,1.0
142.68132887781445,13.615582823548232,1.0
182.35962319898255,10.765651128120078,1.0
140.91427615494993,11.407535740847106,1.0
161.1314305801396,11.973594243041074,1.0
154.48938870609737,12.280161158819606,1.0
169.52611934098198,11.190396480078354,1.0
173.4226679509028,12.42406104446409,1.0
150.4800622359865,11.526160652929084,1.0
138.69873194480724,11.985547729121722,1.0
156.89958214408674,12.5462842480037,1.0
139.8342694537184,12.006422269810939,1.0
180.20080871289935,11.56361410947343,1.0
152.04802996624107,11.890390196074168,1.0
144.52017673031838,11.911637040794664,1.0
152.77020458797364,11.629988970117873,1.0
129.79310565705455,11.741203937332898,1.0
135.42578942234022,13.598647170504718,1.0
168.0062086191664,12.560919447941238,1.0
140.14658581542906,11.70451968197084,1.0
134.2963352597709,12.696954404510736,1.0
158.0497912879093,11.66618051024399,1.0
167.78556231994494,13.17312463758664,1.0
160.784299659976,12.369642192198095,1.0
164.94071528708724,11.89269785599577,1.0
138.6480736714581,12.447716925810278,1.0
128.67283999887235,10.4291238479315,1.0
172.5200047793323,10.873232531090196,1.0
145.15980241736796,10.806074993600944,1.0
146.23750475317428,12.142943094763707,1.0
169.92291212773586,13.732514999485092,1.0
158.3434501410099,14.231300146192632,1.0
156.83831658122412,12.638051101440757,1.0
182.47503517351626,12.500844474944458,1.0
140.34722654429785,10.198942265847261,1.0
163.91760192121856,11.457326200265978,1.0
150.85519687345626,11.21221624809176,1.0
154.02888418294884,11.379152401748884,1.0
172.92702639618798,11.83185618141521,1.0
157.61753634434436,11.527909422302873,1.0
158.0744411857445,10.020700189624213,1.0
166.08761005964703,12.747910256117533,1.0
144.52570905685673,10.927256974260194,1.0
137.4118549899149,12.23924686411115,1.0
134.3278620896845,14.074082669749973,1.0
120.50465115935998,11.080615408413577,1.0
180.84310694910482,9.46971247725367,1.0
133.45187451417476,11.71399577811989,1.0
146.6811956462134,13.10095963499857,1.0
145.8478005016662,13.958347454220593,1.0
154.6111004671365,10.770450405547583,1.0
162.23605818808946,12.496699223236522,1.0
162.90710232539618,11.534689543219947,1.0
141.25383842146593,11.894051645695864,1.0
147.49317429320382,14.644343347017035,1.0
154.2386992573245,10.497029671604846,1.0
146.2696331072468,12.253739661494574,1.0
174.11018364029988,12.467693171765433,1.0
157.36462427457377,13.085786324939347,1.0
161.02316679074727,12.097983153470896,1.0
159.9432190300112,12.308050539504102,1.0
167.60210786227987,11.608351432578209,1.0
152.71532338055562,12.269126941245107,1.0
130.5475207806623,11.65680772450259,1.0
155.99531927628962,12.621571889856051,1.0
140.22964659312257,11.630389663956366,1.0
142.07074977375365,12.377100393902186,1.0
158.7954602813264,11.970737186315022,1.0
168.57424607150455,13.126050250772169,1.0
150.31907365104092,11.948606276411514,1.0
154.63249518898445,10.226967531793118,1.0
175.53322416952858,13.261921500713992,1.0
153.61129769232852,11.094267699137381,1.0
189.02524671270592,11.34623366135118,1.0
158.48264468447317,11.404338705956508,1.0
123.58855861266274,13.374438093170816,1.0
161.30012431656797,9.864325786021304,1.0
155.71737577324166,15.137748533659995,1.0
169.34629131124117,13.056056809066051,1.0
160.09772026904938,12.22323891412916,1.0
147.9231602402434,11.945105999383713,1.0
131.63552645565952,12.285554074857657,1.0
146.8646511407096,12.52112242837934,1.0
137.2421931868605,12.645215585950057,1.0
141.29214825292917,12.555604466003448,1.0
158.82867606630916,12.08958068125525,1.0
175.0485675652711,11.802661579692673,1.0
155.92007294734472,11.848726716346489,1.0
132.06175406947224,11.805091719647319,1.0
156.6690400233021,13.133770096867064,1.0
167.94947229968477,12.593556722280862,1.0
140.85325643520926,9.05961136533572,1.0
147.98974249990624,12.65590077652976,1.0
150.22032292093795,12.194736194718775,1.0
138.2265253037664,11.981291243554102,1.0
159.7242065076579,11.611481546911115,1.0
148.18577777088328,13.124112719986014,1.0
156.29298665860543,12.947526462122857,1.0
136.6876173329685,11.22712233217639,1.0
143.43812549514885,12.407052287124536,1.0
160.83572036741657,11.028343265458714,1.0
144.4075027186235,10.62038183521107,1.0
175.90445776850106,11.373282775410035,1.0
144.00545721578095,12.86239347238276,1.0
153.3702708862783,12.953125045376087,1.0
163.98886247809634,12.513085420097292,1.0
128.72451400600454,12.725095786847998,1.0
123.58786782028837,12.516178287114958,1.0
127.11515528144858,11.358518404777048,1.0
168.93876155140774,12.43192254467394,1.0
141.7221278116133,12.800409525227682,1.0
188.37298928502378,12.754291329813574,1.0
141.53628602013916,13.188913371474642,1.0
152.76826954795555,12.708303847201064,1.0
173.13164928851813,12.351448207541583,1.0
180.09139332238684,13.070150238316428,1.0
180.92255364954596,11.97347874075094,1.0
168.12549345889713,11.118125348772281,1.0
165.36093788717193,11.836933036056235,1.0
158.88790423801774,11.25509735519355,1.0
